Id,URL,Tile,Text
0,https://en.wikipedia.org/wiki/Mango,Mango - Wikipedia,A mango is an edible stone fruit produced by the tropical tree Mangifera indica which is believed to have originated from the region between northwestern ...
1,https://www.facebook.com/mango.com/,Mango - Home | Facebook,Mango. 11793156 likes · 31975 talking about this · 1299 were here. We inspire and unite people through our passion for style and culture. www.mango.com.
2,https://www.instagram.com/mango/?hl=en,MANGO (@mango) • Instagram photos and videos,MANGO Official Account Welcome to the home of Mediterranean style and culture. Mention @mango and use #MangoCommunity to be featured. mango.com.
3,https://mango-india.com/,Mango India: Online Shopping for Women,"Mango India offers a wide array of clothing, accessories, designer wear and more with the latest designs and trends covered across all ranges. Experience online ..."
4,https://www.myntra.com/mango,Buy MANGO Products Online in India - Myntra,
5,https://www.mango.org/,Mangos - All You Need To Know About Mango - Mango.org,"There are more than 1,200 cultivated varieties of mangos grown around the world. Trees range in sizes. Smaller ones grow up to 8 feet while the largest mango ..."
6,https://play.google.com/store/apps/details?id=com.dylvian.mango.activities&hl=en_US&gl=US,MANGO - Online fashion - Apps on Google Play,"MANGO. 4.6star. 56.9K reviews. 10M+. Downloads. Content rating. Everyone ... and using any occasion to buy clothes via the internet, download our MANGO app."
7,https://twitter.com/mango,Mango - Twitter,MANGO. @Mango. We inspire and unite people through our passion for style and culture. Fashion Company shop.mango.com Joined October 2010.
8,https://apps.apple.com/us/app/mango-online-fashion/id372216941,MANGO - Online fashion on the App Store,"Download MANGO - Online fashion and enjoy it on your iPhone, iPad, and iPod touch. ... any occasion to buy clothes via the internet, download our MANGO app."
9,https://www.britannica.com/plant/mango-plant-and-fruit,"mango | Description, History, Cultivation, & Facts | Britannica","mango, (Mangifera indica), member of the cashew family (Anacardiaceae) and one of the most important and widely cultivated fruits of the tropical world."
10,https://timesofindia.indiatimes.com/topic/miyazaki-mango,"Latest News, Videos and Photos of Miyazaki mango","Miyazaki mangoes are an exquisite variety of mangoes that are grown in Miyazaki city in Japan's Kyushu prefecture. Miyazaki mango is also known as ""Egg of ..."
11,https://www.youtube.com/channel/UCXAYDnIfvOZKDAEOUTVQThg,mango - YouTube,Welcome to the home of Mediterranean style and culture.MANGO is an inspiring global fashion brand with a Mediterranean heritage and contemporary ...
12,https://hort.purdue.edu/newcrop/morton/mango_ars.html,Mango,Mango. Mangifera indica L. Description; Origin and Distribution; Varieties; Blooming and Pollination; Climate; Soil; Propagation; Dwarfing ...
13,https://plantvillage.psu.edu/topics/mango/infos,"Mango | Diseases and Pests, Description, Uses, Propagation","Mango, Mangifera indica, is an evergreen tree in the family Anacardiaceae grown for its edible fruit. The mango tree is erect and branching with a thick ..."
14,https://www.healthline.com/nutrition/mango,"Mango: Nutrition, Health Benefits, and How to Eat It","Mango is native to India and Southeast Asia, and people have cultivated it for over 4,000 years. Hundreds of types of mango exist, each with its own ..."
15,https://www.bbcgoodfood.com/howto/guide/health-benefits-mango,Top 5 health benefits of mango - BBC Good Food,"Sweet tasting and juicy, mango fruit are high in fibre, vitamins and minerals. Discover more about this fruit and its health benefits."
16,https://www.dictionary.com/browse/mango,Mango Definition & Meaning - Dictionary.com,"Mango definition, the oblong, sweet fruit of a tropical tree, Mangifera indica, of the cashew family, eaten ripe, or preserved or pickled. See more."
17,https://www.mangomaterials.com/,Mango Materials: Home,"Biodegradable replacements to polluting plastics and polyester. Our Products. Closed Loop. From nature, back to nature. Circular biopolymer solutions for a ..."
18,https://mangolanguages.com/,Mango Languages: Home,Mango's language-learning methodology gives you the confidence to go a little further down that road less traveled. We believe language connects cultures. Their ...
19,https://www.ncbi.nlm.nih.gov/pmc/articles/PMC5452255/,Multifaceted Health Benefits of Mangifera indica L. (Mango),by M Lauricella · 2017 · Cited by 128 — Mango plants produce fleshy stone fruits rich in phytochemicals with an undisputed nutritional value for its high content of polyphenolics and ...
20,https://ric.uthscsa.edu/mango/,Mango - Research Imaging Institute,Mango – short for Multi-image Analysis GUI – is a viewer for medical research images. It provides analysis tools and a user interface to navigate image ...
21,https://dictionary.cambridge.org/dictionary/english/mango,MANGO | meaning in the Cambridge English Dictionary,"7 days ago — mango definition: 1. an oval tropical fruit with a smooth skin, orange-yellow flesh, and a large, hard seed in the…. Learn more."
22,https://solidstarts.com/foods/mango/,Can Babies Eat Mangoes? First Foods - Solid Starts,Mangoes are a fun and nutritious fruit for new eaters. Make slippery mangoes easier for baby to grip by rolling them in grated coconut.
23,https://www.amazon.in/Natural-Mango-Juice-1L-Pack/dp/B07DCXBQPV,"B Natural Mango Juice, Goodness of Fiber, Made with ...","B Natural Mango Juice, Goodness of Fiber, Made with choicest Mangoes, 1 Litre (Pack of 2) : Amazon.in: Grocery & Gourmet Foods."
24,https://themangobasket.com/,Mango Basket: Buy 100% Authentic Alphonso ...,"Taste & feel the aroma of 100% Authentic Indian alphonso mangoes online at Mango Basket, get your alphonso mangoes delivered all over India."
25,https://nutritiondata.self.com/facts/fruits-and-fruit-juices/1952/2,"Mangos, raw Nutrition Facts & Calories - SELF Nutrition Data","Nutrition facts and Information for Mangos, raw. ... Nutritional Target Map for Mangos, raw. This feature requires Flash player to be installed in your ..."
26,https://www.merriam-webster.com/dictionary/mango,Mango Definition & Meaning - Merriam-Webster,"The meaning of MANGO is a tropical usually large ovoid or oblong fruit with a firm yellowish-red skin, hard central stone, and juicy aromatic pulp; ..."
27,https://mango.bz/,Mango Publishing,"Mango is an innovative independent publisher based in beautiful and sunny Miami, Florida. We publish books from the freshest, most distinctive voices of our ..."
28,https://alphonsomango.in/,AlphonsoMango.in | Buy Alphonso Mango | Fruit Shop,"Buy Products from Konkan authentic Alphonso Mangoes, Ratnagiri Alphonso Mango, Devgad Alphonso Mango, Cashew Nuts, Hapus Mango, best Mangoes of the world."
29,https://www.salemmango.com/mangoes,Farm fresh Mangoes Online. Carbide free & Naturally ripened,"Naturally ripened Premium Imam Pasand, Alphonso, Malgoa, Sendoora, Kilimooku mangoes for sale all over India. Buy Organic mangoes online direct from ..."
30,https://www.shutterstock.com/search/mango,"Mango Images, Stock Photos & Vectors - Shutterstock","Find Mango stock images in HD and millions of other royalty-free stock photos, illustrations and vectors in the Shutterstock collection."
31,https://apeda.gov.in/apedawebsite/SubHead_Products/Mango.htm,Mango Product - APEDA,"Indian mangoes come in various shapes, sizes and colours with a wide variety of flavour, aroma and taste. The Indian mango is the special product that ..."
32,https://www.medicalnewstoday.com/articles/275921,"Mangoes: Benefits, nutrition, and recipes - Medical News Today","Mangoes are sweet, creamy fruits that have a range of possible health benefits. They are highly popular around the world. The mango is a tropical stone ..."
33,http://www.mango-project.eu/,Mango,"Results from MANGO project will be used in the IDEAS project to create a genuine innovation with socio-economic impacts. READ MORE. Monday, March 18, 2019 ..."
34,https://rawmango.com/,Raw Mango,"Raw Mango is a brand of contemporary Indian handwoven textiles crafted using traditional techniques. Our saris, fabrics and stoles reflect the skills of the ..."
35,https://aggie-horticulture.tamu.edu/fruit-nut/fact-sheets/mango/,Mango - Aggie Horticulture,"Mango is regarded as the queen of fruits in tropical areas of the world. Prior to the severe freezes of the 1980s, numerous mango trees were in production ..."
36,http://nhb.gov.in/report_files/mango/mango.htm,MANGO - National Horticulture Board,MANGO. 1. INTRODUCTION. Mango (Mangifera indica L.) belonging to Family Anacardiaceae is the most important commercially grown fruit crop of the country.
37,https://mangopeopleofficial.com/,Mango People,"Congratulations! Your order qualifies for free shipping Shipping within US & Canada only. Free shipping on US orders over $30, Canada $50. Mango People."
38,https://www.lulumall.in/kochi/stores/mango/,MANGO | Lulu Mall,"At MANGO, we want to share the best of the Mediterranean essence we have cultivated for over 35 years. The taste for a slow life and an appreciation for ..."
39,https://www.mangopeopleshop.com/,Mango People: Fun Gifts and Cute Lifestyle Products Online in ...,"Unconventional & cute gifts for girls, perfect for birthdays, anniversary, housewarming, graduation, diwali and other special occasions."
40,https://mango.markets/,Mango Markets,"Decentralised, cross-margin trading up to 20x leverage with lightning speed and near-zero fees."
41,https://en.wiktionary.org/wiki/mango,mango - Wiktionary,"NounEdit · A tropical Asian fruit tree, Mangifera indica. · The fruit of the mango tree. · A pickled vegetable or fruit with a spicy stuffing; a vegetable or fruit ..."
42,https://fdc.nal.usda.gov/fdc-app.html#/food-details/169910/nutrients,"Mangos, raw - FoodData Central - USDA","Mangos, raw ; Data Type:SR Legacy ; Food Category:Fruits and Fruit Juices ; FDC ID: 169910 ; NDB Number:9176 ; FDC Published:4/1/2019."
43,https://www.mangolive.com/,Mango QHSE Software,"Mango home page for QHSE, SHEQ and HSEQ compliance."
44,https://www.mangooutlet.com/in/women,Mango Outlet India: Woman's Fashion Outlet,"Exclusive promotions and special prices in women's fashion: dresses, t-shirts, jeans, shoes, bags and accessories."
45,https://www.mango-solutions.com/,Data Science & Analytics Solutions | Mango Solutions ...,Leading Data Science And Advanced Analytics Solutions Designed To Empower Organisations To Make Informed Data Driven Decisions & Deliver Tangible ROI For ...
46,https://www.hanureddymangotourism.com/,Hanu Reddy Mango Tourism: The Great Mango Festival,"The Great Mango Festival is THE place to be in Chennai, this summer! Enjoy breakfast, bullock cart rides, cooking demos, yoga, games, stalls and more!"
47,https://www.livemint.com/news/india/piyush-goyal-inaugurates-mango-festival-in-belgium-to-create-awareness-for-indian-mangoes-in-europe-11655520266178.html,Piyush Goyal inaugurates 'Mango Festival' in Belgium to ... - Mint,"4 days ago — Union Minister of Commerce and Industry, Piyush Goyal, inaugurated a 'Mango Festival' organised in Brussels to create awareness among the ..."
48,https://www.purina.com/articles/dog/nutrition/can-dogs-eat-mango,Can Dogs Eat Mango? | Purina,Can dogs eat mango? Find out if your dog can enjoy this sweet and juicy tropical fruit or if it's better to avoid.
49,https://nationaltoday.com/mango-day/,"MANGO DAY - July 22, 2022 - National Today","The mango fruit was brought to Portugal and Britain by traders and colonizers. In South Asia, mangoes are so valued that they are considered the national fruit ..."
50,https://www.mangomangodessert.com/,Mango Mango Desserts: HOME,Mango Mango dessert waned to better serve guests a savor of the taste into different quality products. facebook · instagram. CONTACT US. JOIN IN OUR CLUB.
51,https://www.flymango.com/,Mango Airlines | Affordable South African Domestic Flights,WELCOME. Mango gives you the choice and flexibility to pay for your Mango flights including taxes and extras using your SAA Voyager miles.
52,https://www.mangopoint.in/,Farm fresh mangoes online - Buy Mango Products - Chennai ...,"Buy Mango Online from the Land of Mangoes, we come with one vision in mind, “To deliver the natural source of Mangoes in its purest form to all”."
53,https://www.nutrition-and-you.com/mango-fruit.html,9 amazing Mango fruit Nutrition facts and Health benefits,"Mango fruit (Mangifera indica) is one of the most popular, nutritionally rich tropical fruits with unique flavor, fragrance, taste, and health-promoting ..."
54,http://www.itsdevelopers.in/,Mango Developers & Marketers: Home Page,At ITS Developers & Marketers our designs do more than look great they work. We combine an innovative approach to creative projects with strong design ...
55,https://www.holidify.com/pages/mangoes-in-india-1438.html,24 Varieties of Mangoes in India & Where to Find Them - Holidify,"Available during mid-July, Alphonso Mangoes are internationally loved for their sunshine yellow appearance and delightful taste. Named after Afonso de ..."
56,https://www.flipkart.com/newtrition-plus-sugar-free-mango/p/itmd6cdd34511ea3,Newtrition Plus Sugar Free Mango Mango Price in India,Buy Newtrition Plus Sugar Free Mango Mango for Rs. online. Newtrition Plus Sugar Free Mango Mango at best prices with FREE shipping & cash on delivery.
57,https://www.webmd.com/diet/ss/slideshow-mango-health-benefits,Health Benefits of Mangos - WebMD,"02-Jul-2021 — Mangos are the fruit of an evergreen tree and considered a drupe, or stone fruit, because of their seed. They're also part of the cashew ..."
58,https://dir.indiamart.com/impcat/mango.html,Mangoes - Wholesale Price & Mandi Rate for Mangoes in India,"Find here details of companies selling Mangoes, for your purchase requirements. Get latest info on Mangoes, suppliers, manufacturers, wholesalers, traders, ..."
59,https://www.fabindia.com/mango-conserve-10576175,Mango Conserve -450g - Fabindia,Shop online for Mango Conserve. Unique collection of Conserves & Marmalades at Fabindia.com. Free Shipping*
60,https://mangovillage.in/,Mango Village | Guhagar,Mango Village Guhagar offers a unique Rent Back Scheme to bungalow owners to ensure that the property is maintained in an immaculate condition and also ...
61,https://mangosbethany.com/,Bethany Beach Boardwalk Restaurant & Bar | Mangos Bethany,"Bethany Beach DE best oceanfront bar and restaurant boasting out No Shower Happy Hour every day from 1 to 6pm, with delicious food and drink on our menus to ..."
62,https://www.bigbasket.com/pd/40171114/baskin-robbins-alphanso-mango-ice-cream-700-ml-tub/,"Baskin Robbins Ice Cream - Alphonso Mango, Made with Cow ...","Buy Baskin Robbins Ice Cream - Alphonso Mango, Made with Cow Milk online at lowest price from bigbasket and get them delivered at your doorstep."
63,https://mangifera.res.in/,National Mango Database,"Mango (Mangifera indica L.) has attained the status of most important fruit crop in tropics and subtropics, particularly in Asia and considered as 'king of ..."
64,https://mangossac.com/,Mango's,See the hottest events at Mangos in Sacramento. ... seriously and we ask for your help⁣⁣⁣ in keeping Mango's an enjoyable and safe… https://t.co/tvaOwq5Jfo.
65,https://fairchildgarden.org/events/mango-festival/,Mango Festival - Fairchild Tropical Botanic Garden,Cooking demos and mango tastings · Specialty mango smoothies and cocktails · Signature mango brunch · Wide variety of mangos for purchase · Food vendors with mango ...
66,https://www.zalora.sg/mango/,Buy MANGO Online on ZALORA Singapore,2754 Items — Buy Mango Singapore at ZALORA | FREE Delivery Above $40 ✓ Cash On Delivery ✓ 30 Days Free Return | Shop Mango original now on ZALORA Singapore!
67,https://www.starbucks.com/menu/product/2122725/iced,Mango Dragonfruit Starbucks Refreshers® Beverage,A tropical-inspired pick-me-up--crafted with a refreshing combination of sweet mango and dragonfruit flavors and hand-shaken with ice plus a scoop of real ...
68,https://www.verywellfit.com/mango-calories-and-nutrition-facts-3982611,Mango Nutrition Facts and Health Benefits - Verywell Fit,"31-Aug-2021 — One cup of mango (165g) provides 99 calories, 1.4g of protein, 25g of carbohydrates, and 0.6g of fat. Mangoes are an excellent source of ..."
69,https://www.india.com/lifestyle/purple-mango-miyazaki-mango-use-health-benefits-why-its-worlds-costliest-mango-4750694/,"Purple Mango: Use, Health Benefits - India.com",18-Jun-2021 — Purple Mango Use And Health Benefits: Miyazaki mangoes are one of the most expensive mangoes in the world and are sold at Rs 2.70 lakh per ...
70,https://www.tasteofhome.com/collection/health-benefits-of-mango/,9 Benefits of Mango That You Should Know | Taste of Home,20-May-2019 — Mangoes are delicious and fun to eat. Even better? They're so good for you! Here's a closer look at the health benefits of mango.
71,https://www.justdial.com/shop-online/Bangalore/Mango-Store-Phoenix-Market-City-Mall-Mahadevapura/080PXX80-XX80-120411162735-G9C8_BZDET/catalogue,Mango Store (Phoenix Market City Mall) - Justdial,"Mango Store (Phoenix Market City Mall) in Bangalore is one of the leading businesses in the Hand Bag Dealers. Also known for Readymade Garment Retailers, Shoe ..."
72,https://www.akc.org/expert-advice/nutrition/can-dogs-eat-mango/,Can Dogs Eat Mango? - American Kennel Club,"Possible Dangers of Eating Mango ... Before feeding your dog mango, peel it and remove the pit. While dogs can technically eat the skin, it can be difficult to ..."
73,https://www.mangovegetarian.co.uk/,Mango Restaurant: HOME,MANGO RESTAURANT · EST. WETHERBY 2008 · Specialists in gluten-free and vegan food ...
74,https://www.mangoperu.com/,Peruvian Restaurant | Mango Peruvian Cuisine | Saint Louis ...,"Authentic Peruvian nestled downtown in the Washington Avenue Loft district. Mango Peruvian Cuisine features an upscale, loft style environment where chic ..."
75,https://www.health.com/nutrition/health-benefits-mango,6 Health Benefits of Mango,"08-Jan-2020 — Mangoes have many health benefits, including improving your skin and boosting your immune system. Find out more about mango nutrition and ..."
76,https://www.sparindia.com/categories/root-fruits--vegetables-fresh-fruits-mangoes/cid-CU00395275.aspx,Buy fresh Mango Online at Low Price - SPAR,"Buy mangoes online in India from SPAR to enjoy fresh and organic mangoes. If you are a mango lover and look forward to eating the tastiest, juiciest, and ..."
77,https://www.devgadmango.com/product/mango/,Devgad Mango Season 2023 (Season 2022 Is Now Over),"Buy well-known Devgad Alphonso mangoes at the best prices, Select from a variety of mango grades that satisfies your summer craving. Order Alphonso mango ..."
78,https://www.bbc.co.uk/programmes/articles/2hyty1swxN9b0sBfc5nfjC6/13-juicy-facts-about-mangoes,Radio 4 in Four - 13 juicy facts about mangoes - BBC,"The mango: a fleshy, oval, tropical fruit with a yellowish-red skin and hard stone in the middle, which is eaten ripe or used green in pickles and chutneys."
79,https://www.cabi.org/isc/datasheet/34505,Mangifera indica (mango) - CABI,by IS Compendium · Cited by 2 — Last modified; 15 February 2022 ; Datasheet Type(s); Invasive Species; Host Plant ; Preferred Scientific Name; Mangifera indica ; Preferred Common Name; mango.
80,https://www.shabdkosh.com/hi/dictionary/english-hindi/mango/mango-meaning-in-hindi,mango - Meaning in Hindi - मैंगओ / मैंगगो मतलब हिंदी में,"mango की परिभाषाएं और अर्थ अंग्रेज़ी में. mangoसंज्ञा. large oval tropical fruit having smooth skin, juicy aromatic pulp, ..."
81,https://mangocomm.com/,Mango Communications |,Mango Communications provides products and services to build high-performance wireless systems on programmable logic platforms. We specialize in helping ...
82,https://manoramagroup.co.in/mango-butter,Fair Trade Mango Butter | Effective Hair And Skin Care,"Manufacturer of Mango Butter in India. Organic Mango Butter, Fair For Life Mango Butter, Supplier of Mango Oil. Mango butter can be used in making creams, ..."
83,https://fashionunited.in/news/retail/mango-to-franchise-russian-stores-to-local-partners/2022062035154,Mango to franchise Russian stores to local partners - Fashion ...,2 days ago — Spanish retailer Mango has announced plans to franchise its stores in Russia to local partners. It comes after the company said in March it ...
84,https://www.simplyrecipes.com/recipes/mango_lassi/,Mango Lassi - Simply Recipes,"Mango lassi is a delicious creamy drink with mango, yogurt, milk, a little sugar, and a sprinkling of cardamom. It's cool and refreshing on a hot day!"
85,http://www.millenniumpost.in/kolkata/about-30-stalls-to-take-part-in-mango-fest-from-june-23-to-25-482998,About 30 stalls to take part in mango fest from June 23 to 25,13 hours ago — kolkata: The state Food Processing Industries and Horticulture (FPI&H) department will hold Bengal Mango Utsav 2022 at Netaji Indoor Stadium ...
86,https://krishijagran.com/agripedia/cultivation-of-banarasi-langra-mango-propagation-technique-spacing-pest-management-and-more/,Cultivation of Banarasi Langra Mango: Propagation ...,"3 days ago — The 'Langra' Mango, also known as the Banarasi Langra, is a mango cultivar mostly grown in Varanasi in Northern India. The 'Langra' fruit is ..."
87,https://vikaspedia.in/agriculture/crop-production/integrated-pest-managment/ipm-for-fruit-crops/ipm-strategies-for-mango/mango-diseases-and-symptoms,Mango: Diseases and symptoms - Vikaspedia,Mango: Diseases and symptoms. Powdery mildew; Anthracnose; Die back; Phoma blight; Bacterial canker; Red rust; Sooty mould; Mango malformation; Gummosis ...
88,https://www.istockphoto.com/photos/mango-background,"Mango Background Pictures, Images and Stock Photos - iStock","Search from 39706 Mango Background stock photos, pictures and royalty-free images from iStock. Find high-quality stock photos that you won't find anywhere ..."
89,https://telanganatoday.com/binge-on-instant-raw-mango-chutney,Binge on instant raw mango chutney - Telangana Today,3 days ago — Roasted raw mango instant chutney/roti pachadi made with mortar and pestle is ground coarsely.
90,https://amangoparty.com/,Mango Mango,"As seen on ABC's Shark Tank! 'Mango Mango' Mango Preserves, a PARTY in a Jar you can use over a 100 ways! Spread it! Mix it! Shake it! Stir it!"
91,https://www.nytimes.com/2022/05/25/world/asia/india-heat-wave-mango.html,"India Heat Wave's Lamented Victim: The Mango, a King of Fruits","25-May-2022 — Zubair Ahmed, a third-generation mango farmer, inspecting raw mangoes in his orchard in Malihabad, India, this month."
92,https://es.linkedin.com/company/mango,MANGO | LinkedIn,"MANGO. Industria textil y moda para la venta minorista. Palau Solità i Plegamans, Barcelona 659.920 seguidores. To inspire the world by sharing ..."
93,https://www.asos.com/women/a-to-z-of-brands/mango/cat/?cid=8264,"Shop Mango for dresses, jewellery and shoes - Women - ASOS","Discover Mango at ASOS. Shop for the latest range of dresses, jewellery and shoes available from Mango."
94,https://www.dnaindia.com/lifestyle/report-here-s-how-you-can-relish-mangoes-without-worrying-about-weight-gain-2962109,Here's how you can relish mangoes without worrying about ...,2 days ago — Mangoes have enormous health benefits and also help in maintaining weight control. Here's how you must include the king of fruits in your ...
95,https://www.thehindu.com/life-and-style/food/kochi-man-grows-50-varieties-of-mangoes-on-his-roof-top/article65311493.ece,Kochi man grows 50 varieties of mangoes on his roof top - The ...,20-Apr-2022 — The trees are not more than four feet tall and a single tree bears a variety of mangoes.
96,,,
0,https://en.wikipedia.org/wiki/Mango,Mango - Wikipedia,A mango is an edible stone fruit produced by the tropical tree Mangifera indica which is believed to have originated from the region between northwestern ...
1,https://www.facebook.com/mango.com/,Mango - Home | Facebook,Mango. 11793156 likes · 31975 talking about this · 1299 were here. We inspire and unite people through our passion for style and culture. www.mango.com.
2,https://www.instagram.com/mango/?hl=en,MANGO (@mango) • Instagram photos and videos,MANGO Official Account Welcome to the home of Mediterranean style and culture. Mention @mango and use #MangoCommunity to be featured. mango.com.
3,https://mango-india.com/,Mango India: Online Shopping for Women,"Mango India offers a wide array of clothing, accessories, designer wear and more with the latest designs and trends covered across all ranges. Experience online ..."
4,https://www.myntra.com/mango,Buy MANGO Products Online in India - Myntra,
5,https://www.mango.org/,Mangos - All You Need To Know About Mango - Mango.org,"There are more than 1,200 cultivated varieties of mangos grown around the world. Trees range in sizes. Smaller ones grow up to 8 feet while the largest mango ..."
6,https://play.google.com/store/apps/details?id=com.dylvian.mango.activities&hl=en_US&gl=US,MANGO - Online fashion - Apps on Google Play,"MANGO. 4.6star. 56.9K reviews. 10M+. Downloads. Content rating. Everyone ... and using any occasion to buy clothes via the internet, download our MANGO app."
7,https://twitter.com/mango,Mango - Twitter,MANGO. @Mango. We inspire and unite people through our passion for style and culture. Fashion Company shop.mango.com Joined October 2010.
8,https://apps.apple.com/us/app/mango-online-fashion/id372216941,MANGO - Online fashion on the App Store,"Download MANGO - Online fashion and enjoy it on your iPhone, iPad, and iPod touch. ... any occasion to buy clothes via the internet, download our MANGO app."
9,https://www.britannica.com/plant/mango-plant-and-fruit,"mango | Description, History, Cultivation, & Facts | Britannica","mango, (Mangifera indica), member of the cashew family (Anacardiaceae) and one of the most important and widely cultivated fruits of the tropical world."
10,https://plantvillage.psu.edu/topics/mango/infos,"Mango | Diseases and Pests, Description, Uses, Propagation","Mango, Mangifera indica, is an evergreen tree in the family Anacardiaceae grown for its edible fruit. The mango tree is erect and branching with a thick ..."
11,https://www.healthline.com/nutrition/mango,"Mango: Nutrition, Health Benefits, and How to Eat It","Mango is native to India and Southeast Asia, and people have cultivated it for over 4,000 years. Hundreds of types of mango exist, each with its own ..."
12,https://www.youtube.com/channel/UCXAYDnIfvOZKDAEOUTVQThg,mango - YouTube,Welcome to the home of Mediterranean style and culture.MANGO is an inspiring global fashion brand with a Mediterranean heritage and contemporary ...
13,https://alphonsomango.in/,AlphonsoMango.in | Buy Alphonso Mango | Fruit Shop,"Buy Products from Konkan authentic Alphonso Mangoes, Ratnagiri Alphonso Mango, Devgad Alphonso Mango, Cashew Nuts, Hapus Mango, best Mangoes of the world."
14,https://hort.purdue.edu/newcrop/morton/mango_ars.html,Mango,Mango. Mangifera indica L. Description; Origin and Distribution; Varieties; Blooming and Pollination; Climate; Soil; Propagation; Dwarfing ...
15,https://mangolanguages.com/,Mango Languages: Home,Mango's language-learning methodology gives you the confidence to go a little further down that road less traveled. We believe language connects cultures. Their ...
16,https://www.dictionary.com/browse/mango,Mango Definition & Meaning - Dictionary.com,"Mango definition, the oblong, sweet fruit of a tropical tree, Mangifera indica, of the cashew family, eaten ripe, or preserved or pickled. See more."
17,https://www.bbcgoodfood.com/howto/guide/health-benefits-mango,Top 5 health benefits of mango - BBC Good Food,"Sweet tasting and juicy, mango fruit are high in fibre, vitamins and minerals. Discover more about this fruit and its health benefits."
18,https://www.mangomaterials.com/,Mango Materials: Home,"Biodegradable replacements to polluting plastics and polyester. Our Products. Closed Loop. From nature, back to nature. Circular biopolymer solutions for a ..."
19,https://www.ncbi.nlm.nih.gov/pmc/articles/PMC5452255/,Multifaceted Health Benefits of Mangifera indica L. (Mango),by M Lauricella · 2017 · Cited by 128 — Mango plants produce fleshy stone fruits rich in phytochemicals with an undisputed nutritional value for its high content of polyphenolics and ...
20,https://ric.uthscsa.edu/mango/,Mango - Research Imaging Institute,Mango – short for Multi-image Analysis GUI – is a viewer for medical research images. It provides analysis tools and a user interface to navigate image ...
21,https://dictionary.cambridge.org/dictionary/english/mango,MANGO | meaning in the Cambridge English Dictionary,"7 days ago — mango definition: 1. an oval tropical fruit with a smooth skin, orange-yellow flesh, and a large, hard seed in the…. Learn more."
22,https://solidstarts.com/foods/mango/,Can Babies Eat Mangoes? First Foods - Solid Starts,Mangoes are a fun and nutritious fruit for new eaters. Make slippery mangoes easier for baby to grip by rolling them in grated coconut.
23,https://timesofindia.indiatimes.com/topic/miyazaki-mango,"Latest News, Videos and Photos of Miyazaki mango","Miyazaki mangoes are an exquisite variety of mangoes that are grown in Miyazaki city in Japan's Kyushu prefecture. Miyazaki mango is also known as ""Egg of ..."
24,https://themangobasket.com/,Mango Basket: Buy 100% Authentic Alphonso ...,"Taste & feel the aroma of 100% Authentic Indian alphonso mangoes online at Mango Basket, get your alphonso mangoes delivered all over India."
25,https://mangosbethany.com/,Bethany Beach Boardwalk Restaurant & Bar | Mangos Bethany,"Bethany Beach DE best oceanfront bar and restaurant boasting out No Shower Happy Hour every day from 1 to 6pm, with delicious food and drink on our menus to ..."
26,https://nutritiondata.self.com/facts/fruits-and-fruit-juices/1952/2,"Mangos, raw Nutrition Facts & Calories - SELF Nutrition Data","Nutrition facts and Information for Mangos, raw. ... Nutritional Target Map for Mangos, raw. This feature requires Flash player to be installed in your ..."
27,https://www.medicalnewstoday.com/articles/275921,"Mangoes: Benefits, nutrition, and recipes - Medical News Today","Mangoes are sweet, creamy fruits that have a range of possible health benefits. They are highly popular around the world. The mango is a tropical stone ..."
28,https://www.flymango.com/,Mango Airlines | Affordable South African Domestic Flights,WELCOME. Mango gives you the choice and flexibility to pay for your Mango flights including taxes and extras using your SAA Voyager miles.
29,https://www.merriam-webster.com/dictionary/mango,Mango Definition & Meaning - Merriam-Webster,"The meaning of MANGO is a tropical usually large ovoid or oblong fruit with a firm yellowish-red skin, hard central stone, and juicy aromatic pulp; ..."
30,https://mango.bz/,Mango Publishing,"Mango is an innovative independent publisher based in beautiful and sunny Miami, Florida. We publish books from the freshest, most distinctive voices of our ..."
31,http://www.mango-project.eu/,Mango,"Results from MANGO project will be used in the IDEAS project to create a genuine innovation with socio-economic impacts. READ MORE. Monday, March 18, 2019 ..."
32,http://nhb.gov.in/report_files/mango/mango.htm,MANGO - National Horticulture Board,MANGO. 1. INTRODUCTION. Mango (Mangifera indica L.) belonging to Family Anacardiaceae is the most important commercially grown fruit crop of the country.
33,https://mangopeopleofficial.com/,Mango People,"Congratulations! Your order qualifies for free shipping Shipping within US & Canada only. Free shipping on US orders over $30, Canada $50. Mango People."
34,https://aggie-horticulture.tamu.edu/fruit-nut/fact-sheets/mango/,Mango - Aggie Horticulture,"Mango is regarded as the queen of fruits in tropical areas of the world. Prior to the severe freezes of the 1980s, numerous mango trees were in production ..."
35,https://www.mangolive.com/,Mango QHSE Software,"Mango home page for QHSE, SHEQ and HSEQ compliance."
36,https://en.wiktionary.org/wiki/mango,mango - Wiktionary,"NounEdit · A tropical Asian fruit tree, Mangifera indica. · The fruit of the mango tree. · A pickled vegetable or fruit with a spicy stuffing; a vegetable or fruit ..."
37,https://www.mango-solutions.com/,Data Science & Analytics Solutions | Mango Solutions ...,Leading Data Science And Advanced Analytics Solutions Designed To Empower Organisations To Make Informed Data Driven Decisions & Deliver Tangible ROI For ...
38,https://www.amazon.in/Fresh-Mango-Malgova-3-Pieces/dp/B07B8PQ24G,"Fresh Mango, Malgova, 1 kg - Amazon.in","Fresh Mango, Malgova, 1 kg : Amazon.in: Grocery & Gourmet Foods."
39,https://www.nutrition-and-you.com/mango-fruit.html,9 amazing Mango fruit Nutrition facts and Health benefits,"“The king of the fruits,"" mango fruit is one of the most popular, nutritionally rich fruits with unique flavor, fragrance, taste, and heath promoting ..."
40,https://dir.indiamart.com/impcat/dashehari-mango.html,Wholesale Price & Mandi Rate for Dashehari Mango,"Find here details of companies selling Dashehari Mango, for your purchase requirements. Get latest info on Dashehari Mango, suppliers, manufacturers, ..."
41,https://www.mangopoint.in/,Farm fresh mangoes online - Buy Mango Products - Chennai ...,"Buy Mango Online from the Land of Mangoes, we come with one vision in mind, “To deliver the natural source of Mangoes in its purest form to all”."
42,https://krishijagran.com/agripedia/how-to-choose-a-perfect-mango-do-s-donts-while-buying-mangoes-and-method-to-identify-among-different-varieties/,How to Choose a Perfect Mango? Do's & Don'ts While Buying ...,"10-May-2022 — While buying mango, don't focus on color. · A ripe mango is likely to smell sweet. · Squeeze the mango gently. · Mangos will soften as they ripen ..."
43,http://www.itsdevelopers.in/,Mango Developers & Marketers: Home Page,At ITS Developers & Marketers our designs do more than look great they work. We combine an innovative approach to creative projects with strong design ...
44,https://www.shutterstock.com/search/mango,"Mango Images, Stock Photos & Vectors - Shutterstock","Find Mango stock images in HD and millions of other royalty-free stock photos, illustrations and vectors in the Shutterstock collection."
45,https://www.webmd.com/diet/health-benefits-mango,Health Benefits of Mangos - WebMD,"17-Sept-2020 — Mangos have been an important crop in India for millennia. Today, these colorful, sweet fruits are a mainstay of Indian cuisine and are ..."
46,https://apeda.gov.in/apedawebsite/SubHead_Products/Mango.htm,Mango Product - APEDA,"Indian mangoes come in various shapes, sizes and colours with a wide variety of flavour, aroma and taste. The Indian mango is the special product that ..."
47,https://rawmango.com/,Raw Mango,"Raw Mango is a brand of contemporary Indian handwoven textiles crafted using traditional techniques. Our saris, fabrics and stoles reflect the skills of the ..."
48,https://www.cabi.org/isc/datasheet/34505,Mangifera indica (mango) - CABI,by IS Compendium · Cited by 2 — Last modified; 15 February 2022 ; Datasheet Type(s); Invasive Species; Host Plant ; Preferred Scientific Name; Mangifera indica ; Preferred Common Name; mango.
49,https://www.mangospizza.com/,Mango's Wood-Fired Pizza Co.,"Mango's Wood-Fired Pizza located in Olde Mistick Village, Mystic CT serving fresh made pizza, sandwiches, beer and wine. Indoor and outdoor seating with ..."
50,https://www.ams.usda.gov/rules-regulations/research-promotion/mango,National Mango Board | Agricultural Marketing Service - USDA,The program's purpose is to increase the consumption of fresh mangos in the United States. The program is administered under AMS oversight by the National Mango ...
51,https://www.lulumall.in/kochi/stores/mango/,MANGO | Lulu Mall,"At MANGO, we want to share the best of the Mediterranean essence we have cultivated for over 35 years. The taste for a slow life and an appreciation for ..."
52,https://www.mangopeopleshop.com/,Mango People: Fun Gifts and Cute Lifestyle Products Online in ...,"Unconventional & cute gifts for girls, perfect for birthdays, anniversary, housewarming, graduation, diwali and other special occasions."
53,https://www.mangooutlet.com/in/women,Mango Outlet India: Woman's Fashion Outlet,"Exclusive promotions and special prices in women's fashion: dresses, t-shirts, jeans, shoes, bags and accessories."
54,https://www.hanureddymangotourism.com/,Hanu Reddy Mango Tourism: The Great Mango Festival,"The Great Mango Festival is THE place to be in Chennai, this summer! Enjoy breakfast, bullock cart rides, cooking demos, yoga, games, stalls and more!"
55,https://www.mangomangos.com/,"Mango Mango's - Bar & Grill in St Augustine, FL","Mango Mango's in St Augustine, FL. Call us at (904) 461-1077. Check out our location and hours, and latest menu with photos and reviews."
56,https://www.greensofkerala.com/p/mango-chandrakaran-graft-live-fruit-plant/,"Buy Mango (Chandrakaran, Graft) Live Fruit Plant - Greens of ...","10-Jun-2022 — Mangoes are juicy stone fruit from numerous species of tropical trees belonging to the flowering plant genus Mangifera, cultivated mostly ..."
57,https://www.livemint.com/news/india/piyush-goyal-inaugurates-mango-festival-in-belgium-to-create-awareness-for-indian-mangoes-in-europe-11655520266178.html,Piyush Goyal inaugurates 'Mango Festival' in Belgium to ... - Mint,"4 days ago — Union Minister of Commerce and Industry, Piyush Goyal, inaugurated a 'Mango Festival' organised in Brussels to create awareness among the ..."
58,https://www.purina.com/articles/dog/nutrition/can-dogs-eat-mango,Can Dogs Eat Mango? | Purina,Can dogs eat mango? Find out if your dog can enjoy this sweet and juicy tropical fruit or if it's better to avoid.
59,https://www.tasteofhome.com/collection/health-benefits-of-mango/,9 Benefits of Mango That You Should Know | Taste of Home,20-May-2019 — Mangoes are delicious and fun to eat. Even better? They're so good for you! Here's a closer look at the health benefits of mango.
60,https://www.akc.org/expert-advice/nutrition/can-dogs-eat-mango/,Can Dogs Eat Mango? - American Kennel Club,"Possible Dangers of Eating Mango ... Before feeding your dog mango, peel it and remove the pit. While dogs can technically eat the skin, it can be difficult to ..."
61,https://www.flipkart.com/mango-coconut-6-units/p/itmd533b816f6ee1,Buy Mango Coconut 6 Units online at Flipkart.com,Buy Mango Coconut 6 Units for Rs.500 online. Mango Coconut 6 Units at best prices with FREE shipping & cash on delivery. Only Genuine Products.
62,https://nationaltoday.com/mango-day/,"MANGO DAY - July 22, 2022 - National Today","The mango fruit was brought to Portugal and Britain by traders and colonizers. In South Asia, mangoes are so valued that they are considered the national fruit ..."
63,https://www.mangomangodessert.com/,Mango Mango Desserts: HOME,Mango Mango dessert waned to better serve guests a savor of the taste into different quality products. facebook · instagram. CONTACT US. JOIN IN OUR CLUB.
64,https://www.health.com/nutrition/health-benefits-mango,6 Health Benefits of Mango,"08-Jan-2020 — Mangoes have many health benefits, including improving your skin and boosting your immune system. Find out more about mango nutrition and ..."
65,https://www.iihr.res.in/icar-iihr-developed-new-mango-hybrid-arka-suprabhath-h-14,"ICAR-IIHR developed new mango hybrid, Arka Suprabhath (H ...",ICAR-IIHR developed a new double cross hybrid between Amrapali (Dashehari x Neelam) x Arka Anmol (Alphonso x Janardhan Pasand). ... ICAR-IIHR has released a mango ...
66,https://www.bigbasket.com/pd/40127994/fresho-kesar-mango-9-kg/,Buy Fresho Kesar Mango Online at Best Price of Rs 1575,Buy Fresho Kesar Mango online at lowest price from bigbasket and get them delivered at your doorstep. Minimum 5% OFF on products.
67,https://www.verywellfit.com/mango-calories-and-nutrition-facts-3982611,Mango Nutrition Facts and Health Benefits - Verywell Fit,"31-Aug-2021 — One cup of mango (165g) provides 99 calories, 1.4g of protein, 25g of carbohydrates, and 0.6g of fat. Mangoes are an excellent source of ..."
68,https://www.holidify.com/pages/mangoes-in-india-1438.html,24 Varieties of Mangoes in India & Where to Find Them - Holidify,"Available during mid-July, Alphonso Mangoes are internationally loved for their sunshine yellow appearance and delightful taste. Named after Afonso de ..."
69,https://fashionunited.in/news/retail/mango-to-franchise-russian-stores-to-local-partners/2022062035154,Mango to franchise Russian stores to local partners - Fashion ...,2 days ago — Spanish retailer Mango has announced plans to franchise its stores in Russia to local partners. It comes after the company said in March it ...
70,https://www.foodnetwork.com/healthyeats/recipes/2010/05/in-season-mango,In Season: Mango | Food Network Healthy Eats,I'm excited to start cooking up my favorite dish—mango chicken! These bright and tangy fruit are popping up at a market near you. Read up on how to use them ...
71,http://www.millenniumpost.in/kolkata/about-30-stalls-to-take-part-in-mango-fest-from-june-23-to-25-482998,About 30 stalls to take part in mango fest from June 23 to 25,13 hours ago — kolkata: The state Food Processing Industries and Horticulture (FPI&H) department will hold Bengal Mango Utsav 2022 at Netaji Indoor Stadium ...
72,https://mangoes.net.au/nutrition/,Nutrition - Mangoes Australia,"Australian mangoes are high in energy, low in fat, and are a great source of calcium and vitamins essential for good health. A 200g serve of ripe mango (the ..."
73,https://mangifera.res.in/,National Mango Database,"Mango (Mangifera indica L.) has attained the status of most important fruit crop in tropics and subtropics, particularly in Asia and considered as 'king of ..."
74,https://mangossac.com/,Mango's,See the hottest events at Mangos in Sacramento. ... seriously and we ask for your help⁣⁣⁣ in keeping Mango's an enjoyable and safe… https://t.co/tvaOwq5Jfo.
75,https://telanganatoday.com/binge-on-instant-raw-mango-chutney,Binge on instant raw mango chutney - Telangana Today,3 days ago — Roasted raw mango instant chutney/roti pachadi made with mortar and pestle is ground coarsely.
76,https://www.jiomart.com/p/groceries/mango-badami-premium-indian-3-pcs-approx-1-05-kg-1-35-kg/591021549,Mango Badami Premium Indian 3 Pc (Approx 1.30 Kg - JioMart,"Badami Mango is sweet, succulent and flavoursome. The skin is pale yellow, while the flesh is yellow-orange, rich, and non-fibrous."
77,https://www.salemmango.com/,"Salemmango | Buy Organic Mangoes, Ghee, Jaggery Online ...","Salem Mango - Buy Organic Mangoes online, Pure Ghee, Cold Pressed Oil, Jaggery, Turmeric from farmers. Delivery for Chennai, Bangalore, Hyderabad, Delhi, ..."
78,https://fairchildgarden.org/events/mango-festival/,Mango Festival - Fairchild Tropical Botanic Garden,Cooking demos and mango tastings · Specialty mango smoothies and cocktails · Signature mango brunch · Wide variety of mangos for purchase · Food vendors with mango ...
79,https://www.dnaindia.com/lifestyle/report-here-s-how-you-can-relish-mangoes-without-worrying-about-weight-gain-2962109,Here's how you can relish mangoes without worrying about ...,2 days ago — Mangoes have enormous health benefits and also help in maintaining weight control. Here's how you must include the king of fruits in your ...
80,https://www.zalora.sg/mango/,Buy MANGO Online on ZALORA Singapore,2754 Items — Buy Mango Singapore at ZALORA | FREE Delivery Above $40 ✓ Cash On Delivery ✓ 30 Days Free Return | Shop Mango original now on ZALORA Singapore!
81,https://www.aajtak.in/agriculture/agriculture-rural-news/story/most-costliest-mango-miyazaki-cultivated-in-jabalpur-price-is-2-lakh-70-thousand-know-details-lbsa-1483094-2022-06-19,"Miyazaki Mango: इस आम की सुरक्षा में लगे 3 गार्ड, 9 कुत्ते ...",3 days ago — Most Costliest Mango: मियाजाकी आम को विश्व का सबसे महंगा आम माना जाता है.
82,https://www.civilbeat.org/2022/06/denby-fawcett-is-there-such-a-thing-as-too-many-mangoes/,Denby Fawcett: Is There Such A Thing As Too Many Mangoes?,22 hours ago — Mango tree owners across Hawaii are begging friends to take the fruit off their hands during the 2022 mango season.
83,https://www.thehindu.com/life-and-style/food/kochi-man-grows-50-varieties-of-mangoes-on-his-roof-top/article65311493.ece,Kochi man grows 50 varieties of mangoes on his roof top - The ...,20-Apr-2022 — The trees are not more than four feet tall and a single tree bears a variety of mangoes.
84,https://www.starbucks.com/menu/product/2122725/iced,Mango Dragonfruit Starbucks Refreshers® Beverage,A tropical-inspired pick-me-up--crafted with a refreshing combination of sweet mango and dragonfruit flavors and hand-shaken with ice plus a scoop of real ...
85,https://www.tripadvisor.in/Restaurant_Review-g297633-d6965443-Reviews-Dileep_s_Mango_Tree-Kochi_Cochin_Ernakulam_District_Kerala.html,Dileep's Mango Tree - Kochi (Cochin) Restaurants - TripAdvisor,"Dileep's Mango Tree, Kochi (Cochin): See 41 unbiased reviews of Dileep's Mango Tree, rated 3 of 5 on Tripadvisor and ranked #1038 of 1215 restaurants in ..."
86,https://in.linkedin.com/company/mangoitsolutions,Mango IT Solutions - LinkedIn,Mango IT Solutions | 6543 followers on LinkedIn. Web and eCommerce Development Company | Mango IT Solutions is an expert team of software professionals ...
87,https://www.sparindia.com/categories/root-fruits--vegetables-fresh-fruits-mangoes/cid-CU00395275.aspx,Buy fresh Mango Online at Low Price - SPAR,"Buy mangoes online in India from SPAR to enjoy fresh and organic mangoes. If you are a mango lover and look forward to eating the tastiest, juiciest, and ..."
88,https://www.devgadmango.com/product/mango/,Devgad Mango Season 2023 (Season 2022 Is Now Over),"Buy well-known Devgad Alphonso mangoes at the best prices, Select from a variety of mango grades that satisfies your summer craving. Order Alphonso mango ..."
89,https://www.idhsustainabletrade.com/project/farm-gate-2-0-sustainable-mango-farming-in-india/,Project Farm Gate 2.0: driving sustainable mango farming in ...,"In India, the mango is considered the “king of fruit”: It is native to the country, has a significant place in Indian literature and mythology and it is ..."
90,https://www.shabdkosh.com/hi/dictionary/english-hindi/mango/mango-meaning-in-hindi,mango - Meaning in Hindi - मैंगओ / मैंगगो मतलब हिंदी में,"mango की परिभाषाएं और अर्थ अंग्रेज़ी में. mangoसंज्ञा. large oval tropical fruit having smooth skin, juicy aromatic pulp, ..."
91,http://www.sgrrmc.com/upload/health-article/Know-your-fruit-the-Mango.pdf,"Know your fruit, the Mango","“The king of the fruits,"" mango fruit is one of the most popular, nutritionally rich fruits with unique flavor, fragrance, taste, and health promoting ..."
92,https://www.justdial.com/Ahmedabad/Alphonso-Mango-Retailers/nct-10014014,Top 10 Alphonso Mango Retailers in Ahmedabad - Justdial,"Fresh seasonal fruits: Being valued traders of Alphonso mangoes, these alphonso mango sellers have contacts with farms that provide seasons' fresh fruits. The ..."
93,https://mangocomm.com/,Mango Communications |,Mango Communications provides products and services to build high-performance wireless systems on programmable logic platforms. We specialize in helping ...
94,https://edis.ifas.ufl.edu/publication/MG216,HS2/MG216: Mango Growing in the Florida Home Landscape,"Mango trees do not appear to acclimate to cold temperatures, and no significant difference in cold resistance among mango varieties or types has been observed ..."
95,https://www.thespruceeats.com/mango-recipes-and-tips-3058206,What Is Mango? - The Spruce Eats,"29-Jul-2020 — A mango is a popular tropical fruit that is eaten in sweet and savory dishes around the world. It can be green, yellow, orange, red, or a ..."
96,https://www.indiatoday.in/cities/bengaluru/story/mangoes-doorstep-karnataka-government-starts-online-sale-1950130-2022-05-16,Mangoes at doorstep: Karnataka government starts online ...,16-May-2022 — The Karnataka government will start selling mangoes online through its own web portal for this year's mango season from May 16.
97,https://hindi.thebetterindia.com/farmers-success-stories/mango-farmer-from-jabalpur-growing-world-expensive-variety-of-mangoes/,"आखिर क्यों लाखों में बिकते हैं इस बागान के आम, किसान ने क्यों ...",24 hours ago — Sankalp a mango farmer Sankalp Singh Parihar. कभी परिवार के खिलाफ जाकर शुरू की थी खेती.
